ct,GEOID,svi_ptile,transit_ptile,asthmavalue,PTRAF,PTRAF_bycensus,No_of_Stops,PTover45m_pct,,,,,,,,,,,,,,,
24510010100,245100101001,0.04569,0.029275809,0.087,451.05989,685.6843712,10,24.51,,,,,,,,,,,,,,,
24510010100,245100101002,0.04569,0.029275809,0.087,534.1044195,685.6843712,10,24.51,,,,,,,,,,,,,,,
24510010100,245100101003,0.04569,0.029275809,0.087,1071.888804,685.6843712,10,24.51,,,,,,,,,,,,,,,
24510010200,245100102001,0.01523,0.124807396,0.082,531.066059,686.7780835,8,54.24,,,,,,,,,,,,,,,
24510010200,245100102002,0.01523,0.124807396,0.082,927.1895911,686.7780835,8,54.24,,,,,,,,,,,,,,,
24510010200,245100102003,0.01523,0.124807396,0.082,897.4262786,686.7780835,8,54.24,,,,,,,,,,,,,,,
24510010200,245100102004,0.01523,0.124807396,0.082,391.4304054,686.7780835,8,54.24,,,,,,,,,,,,,,,
24510010300,245100103001,0.005076,0.036979969,0.082,886.8858383,1074,6,15.38,,,,,,,,,,,,,,,
24510010300,245100103002,0.005076,0.036979969,0.082,1260.437528,1074,6,15.38,,,,,,,,,,,,,,,
24510010400,245100104001,0.07614,0.033898305,0.081,809.656566,1072.952243,15,57.58,,,,,,,,,,,,,,,
24510010400,245100104002,0.07614,0.033898305,0.081,1336.247919,1072.952243,15,57.58,,,,,,,,,,,,,,,
24510010500,245100105001,0.08122,0.101694915,0.083,1411.059036,1487,2,50.77,,,,,,,,,,,,,,,
24510010500,245100105002,0.08122,0.101694915,0.083,1562.513766,1487,2,50.77,,,,,,,,,,,,,,,
24510020100,245100201001,0.06091,0.049306626,0.088,1858.464273,1880.37,8,48.19,,,,,,,,,,,,,,,
24510020100,245100201002,0.06091,0.049306626,0.088,1902.275726,1880.37,8,48.19,,,,,,,,,,,,,,,
24510020200,245100202001,0.05076,0.01540832,0.081,2104.416904,2056.931753,8,23.53,,,,,,,,,,,,,,,
24510020200,245100202002,0.05076,0.01540832,0.081,2009.446602,2056.931753,8,23.53,,,,,,,,,,,,,,,
24510020300,245100203001,0.1066,0.024653313,0.082,2670.155042,1758.580718,10,30.72,,,,,,,,,,,,,,,
24510020300,245100203002,0.1066,0.024653313,0.082,1808.450388,1758.580718,10,30.72,,,,,,,,,,,,,,,
24510020300,245100203003,0.1066,0.024653313,0.082,797.1367249,1758.580718,10,30.72,,,,,,,,,,,,,,,
24510030100,245100301001,0.8274,0.141756549,0.129,1702.996771,1741.463224,15,32.65,,,,,,,,,,,,,,,
24510030100,245100301002,0.8274,0.141756549,0.129,1779.929677,1741.463224,15,32.65,,,,,,,,,,,,,,,
24510030200,245100302001,0.198,0.00770416,0.094,3659.662605,3794,11,33.93,,,,,,,,,,,,,,,
24510030200,245100302002,0.198,0.00770416,0.094,3927.993132,3794,11,33.93,,,,,,,,,,,,,,,
24510040100,245100401001,0.203,0.004622496,0.084,6630.212008,4944.033701,88,50.35,,,,,,,,,,,,,,,
24510040100,245100401002,0.203,0.004622496,0.084,3257.855394,4944.033701,88,50.35,,,,,,,,,,,,,,,
24510040200,245100402001,0.269,0.003081664,0.094,4952.62041,4952.62041,20,34.09,,,,,,,,,,,,,,,
24510060100,245100601001,0.5178,0.200308166,0.106,2024.143417,1497.00074,9,59.78,,,,,,,,,,,,,,,
24510060100,245100601002,0.5178,0.200308166,0.106,1059.409826,1497.00074,9,59.78,,,,,,,,,,,,,,,
24510060100,245100601003,0.5178,0.200308166,0.106,885.8930034,1497.00074,9,59.78,,,,,,,,,,,,,,,
24510060100,245100601004,0.5178,0.200308166,0.106,2018.556712,1497.00074,9,59.78,,,,,,,,,,,,,,,
24510060200,245100602001,0.4518,0.104776579,0.104,1940.501666,1414.948806,5,38.01,,,,,,,,,,,,,,,
24510060200,245100602002,0.4518,0.104776579,0.104,885.9463512,1414.948806,5,38.01,,,,,,,,,,,,,,,
24510060200,245100602003,0.4518,0.104776579,0.104,954.8893737,1414.948806,5,38.01,,,,,,,,,,,,,,,
24510060200,245100602004,0.4518,0.104776579,0.104,1466.24741,1414.948806,5,38.01,,,,,,,,,,,,,,,
24510060200,245100602005,0.4518,0.104776579,0.104,1827.15923,1414.948806,5,38.01,,,,,,,,,,,,,,,
24510060300,245100603001,0.3553,0.080123267,0.106,2194.290584,1741.663061,4,27.78,,,,,,,,,,,,,,,
24510060300,245100603002,0.3553,0.080123267,0.106,1289.035538,1741.663061,4,27.78,,,,,,,,,,,,,,,
24510060400,245100604001,0.2944,0,0.107,2109.388242,2159.885602,18,38.89,,,,,,,,,,,,,,,
24510060400,245100604002,0.2944,0,0.107,2210.382962,2159.885602,18,38.89,,,,,,,,,,,,,,,
24510070100,245100701001,1,0.634822804,0.141,1587.813213,1686.084024,5,14.22,,,,,,,,,,,,,,,
24510070100,245100701002,1,0.634822804,0.141,1784.354835,1686.084024,5,14.22,,,,,,,,,,,,,,,
24510070200,245100702001,0.8985,0.585516179,0.134,681.2323113,1318.991844,8,68.07,,,,,,,,,,,,,,,
24510070200,245100702002,0.8985,0.585516179,0.134,1474.496337,1318.991844,8,68.07,,,,,,,,,,,,,,,
24510070200,245100702003,0.8985,0.585516179,0.134,1496.031817,1318.991844,8,68.07,,,,,,,,,,,,,,,
24510070200,245100702004,0.8985,0.585516179,0.134,1511.617824,1318.991844,8,68.07,,,,,,,,,,,,,,,
24510070200,245100702005,0.8985,0.585516179,0.134,1431.580932,1318.991844,8,68.07,,,,,,,,,,,,,,,
24510070300,245100703001,0.8832,0.409861325,0.128,1974.864189,1588.804921,6,13.53,,,,,,,,,,,,,,,
24510070300,245100703002,0.8832,0.409861325,0.128,1202.745652,1588.804921,6,13.53,,,,,,,,,,,,,,,
24510070400,245100704001,0.8883,0.137134052,0.136,1632.230033,1449.169749,15,52.94,,,,,,,,,,,,,,,
24510070400,245100704002,0.8883,0.137134052,0.136,1107.617511,1449.169749,15,52.94,,,,,,,,,,,,,,,
24510070400,245100704003,0.8883,0.137134052,0.136,1607.661702,1449.169749,15,52.94,,,,,,,,,,,,,,,
24510080101,245100801011,0.1929,0.3605547,0.114,1052.633932,1052.866669,22,56.96,,,,,,,,,,,,,,,
24510080101,245100801012,0.1929,0.3605547,0.114,404.7304515,1052.866669,22,56.96,,,,,,,,,,,,,,,
24510080101,245100801013,0.1929,0.3605547,0.114,1442.919098,1052.866669,22,56.96,,,,,,,,,,,,,,,
24510080101,245100801014,0.1929,0.3605547,0.114,1311.183194,1052.866669,22,56.96,,,,,,,,,,,,,,,
24510080102,245100801021,0.7665,0.898305085,0.133,2128.238,1835.694579,11,58.36,,,,,,,,,,,,,,,
24510080102,245100801022,0.7665,0.898305085,0.133,1543.151157,1835.694579,11,58.36,,,,,,,,,,,,,,,
24510080200,245100802001,0.8071,0.366718028,0.128,486.7360545,823.8712116,20,60,,,,,,,,,,,,,,,
24510080200,245100802002,0.8071,0.366718028,0.128,864.4417462,823.8712116,20,60,,,,,,,,,,,,,,,
24510080200,245100802003,0.8071,0.366718028,0.128,1120.435834,823.8712116,20,60,,,,,,,,,,,,,,,
24510080301,245100803011,0.8528,0.562403698,0.13,272.1698046,236.2227852,4,57.42,,,,,,,,,,,,,,,
24510080301,245100803012,0.8528,0.562403698,0.13,178.4484641,236.2227852,4,57.42,,,,,,,,,,,,,,,
24510080301,245100803013,0.8528,0.562403698,0.13,258.050087,236.2227852,4,57.42,,,,,,,,,,,,,,,
24510080302,245100803021,0.7614,0.659476117,0.123,802.1185268,575.3589271,9,62.95,,,,,,,,,,,,,,,
24510080302,245100803022,0.7614,0.659476117,0.123,913.7742986,575.3589271,9,62.95,,,,,,,,,,,,,,,
24510080302,245100803023,0.7614,0.659476117,0.123,311.9954152,575.3589271,9,62.95,,,,,,,,,,,,,,,
24510080302,245100803024,0.7614,0.659476117,0.123,273.5474678,575.3589271,9,62.95,,,,,,,,,,,,,,,
24510080400,245100804001,0.9695,0.832049307,0.138,525.0874724,495.0183945,4,76.55,,,,,,,,,,,,,,,
24510080400,245100804002,0.9695,0.832049307,0.138,464.9493165,495.0183945,4,76.55,,,,,,,,,,,,,,,
24510080500,245100805001,0.7766,0.43605547,0.133,2073.311423,1887.942442,7,36.68,,,,,,,,,,,,,,,
24510080500,245100805002,0.7766,0.43605547,0.133,2053.35443,1887.942442,7,36.68,,,,,,,,,,,,,,,
24510080500,245100805003,0.7766,0.43605547,0.133,1537.161473,1887.942442,7,36.68,,,,,,,,,,,,,,,
24510080600,245100806001,0.8223,0.637904468,0.13,1273.552743,1424.276673,6,39.19,,,,,,,,,,,,,,,
24510080600,245100806002,0.8223,0.637904468,0.13,1602.479301,1424.276673,6,39.19,,,,,,,,,,,,,,,
24510080600,245100806003,0.8223,0.637904468,0.13,1457.556787,1424.276673,6,39.19,,,,,,,,,,,,,,,
24510080600,245100806004,0.8223,0.637904468,0.13,1363.51786,1424.276673,6,39.19,,,,,,,,,,,,,,,
24510080700,245100807001,0.7157,0.285053929,0.125,955.5713954,958.3985567,8,54.84,,,,,,,,,,,,,,,
24510080700,245100807002,0.7157,0.285053929,0.125,961.225718,958.3985567,8,54.84,,,,,,,,,,,,,,,
24510080800,245100808001,0.6853,0.130970724,0.14,1019.526989,925.7171544,10,18.8,,,,,,,,,,,,,,,
24510080800,245100808002,0.6853,0.130970724,0.14,831.9073198,925.7171544,10,18.8,,,,,,,,,,,,,,,
24510090100,245100901001,0.4924,0.902927581,0.123,469.5560565,490.7686242,13,57.44,,,,,,,,,,,,,,,
24510090100,245100901002,0.4924,0.902927581,0.123,364.209078,490.7686242,13,57.44,,,,,,,,,,,,,,,
24510090100,245100901003,0.4924,0.902927581,0.123,314.1534365,490.7686242,13,57.44,,,,,,,,,,,,,,,
24510090100,245100901004,0.4924,0.902927581,0.123,862.9285695,490.7686242,13,57.44,,,,,,,,,,,,,,,
24510090100,245100901005,0.4924,0.902927581,0.123,442.9959805,490.7686242,13,57.44,,,,,,,,,,,,,,,
24510090200,245100902001,0.2538,0.166409861,0.108,960.7418476,1031.942665,15,31.78,,,,,,,,,,,,,,,
24510090200,245100902002,0.2538,0.166409861,0.108,1103.143483,1031.942665,15,31.78,,,,,,,,,,,,,,,
24510090300,245100903001,0.6497,0.271186441,0.115,710.5044543,679.708887,18,58.28,,,,,,,,,,,,,,,
24510090300,245100903002,0.6497,0.271186441,0.115,1101.960963,679.708887,18,58.28,,,,,,,,,,,,,,,
24510090300,245100903003,0.6497,0.271186441,0.115,253.5782831,679.708887,18,58.28,,,,,,,,,,,,,,,
24510090300,245100903004,0.6497,0.271186441,0.115,652.7918475,679.708887,18,58.28,,,,,,,,,,,,,,,
24510090400,245100904001,0.9086,0.802773498,0.131,1049.575094,1259.851119,3,68.36,,,,,,,,,,,,,,,
24510090400,245100904002,0.9086,0.802773498,0.131,1470.127144,1259.851119,3,68.36,,,,,,,,,,,,,,,
24510090500,245100905001,0.5025,0.288135593,0.118,456.6540694,695.4140487,17,61.21,,,,,,,,,,,,,,,
24510090500,245100905002,0.5025,0.288135593,0.118,934.174028,695.4140487,17,61.21,,,,,,,,,,,,,,,
24510090600,245100906001,0.5685,0.628659476,0.132,3151.258927,2241.547448,7,80.42,,,,,,,,,,,,,,,
24510090600,245100906002,0.5685,0.628659476,0.132,1751.630585,2241.547448,7,80.42,,,,,,,,,,,,,,,
24510090600,245100906003,0.5685,0.628659476,0.132,1925.945405,2241.547448,7,80.42,,,,,,,,,,,,,,,
24510090600,245100906004,0.5685,0.628659476,0.132,2137.354875,2241.547448,7,80.42,,,,,,,,,,,,,,,
24510090700,245100907001,0.736,0.704160247,0.13,963.9047508,893.1918363,7,16.51,,,,,,,,,,,,,,,
24510090700,245100907002,0.736,0.704160247,0.13,887.9641212,893.1918363,7,16.51,,,,,,,,,,,,,,,
24510090700,245100907003,0.736,0.704160247,0.13,1189.781901,893.1918363,7,16.51,,,,,,,,,,,,,,,
24510090700,245100907004,0.736,0.704160247,0.13,531.1165721,893.1918363,7,16.51,,,,,,,,,,,,,,,
24510090800,245100908001,0.7056,0.457627119,0.137,1238.110189,1366,25,93.27,,,,,,,,,,,,,,,
24510090800,245100908002,0.7056,0.457627119,0.137,1492.032997,1365.687481,25,93.27,,,,,,,,,,,,,,,
24510090800,245100908003,0.7056,0.457627119,0.137,1202.803441,1365.687481,25,93.27,,,,,,,,,,,,,,,
24510090800,245100908004,0.7056,0.457627119,0.137,1284.617754,1365.687481,25,93.27,,,,,,,,,,,,,,,
24510090800,245100908005,0.7056,0.457627119,0.137,1610.873024,1365.687481,25,93.27,,,,,,,,,,,,,,,
24510090900,245100909001,0.7817,0.520801233,0.131,1722.034375,1622.577654,14,63.91,,,,,,,,,,,,,,,
24510090900,245100909002,0.7817,0.520801233,0.131,1350.893721,1622.577654,14,63.91,,,,,,,,,,,,,,,
24510090900,245100909003,0.7817,0.520801233,0.131,1602.767139,1622.577654,14,63.91,,,,,,,,,,,,,,,
24510090900,245100909004,0.7817,0.520801233,0.131,1814.615381,1622.577654,14,63.91,,,,,,,,,,,,,,,
24510100100,245101001001,0.9188,0.668721109,0.137,2684.877617,2925.952634,12,99.51,,,,,,,,,,,,,,,
24510100100,245101001002,0.9188,0.668721109,0.137,5827.090378,2925.952634,12,99.51,,,,,,,,,,,,,,,
24510100100,245101001003,0.9188,0.668721109,0.137,1248.81038,2925.952634,12,99.51,,,,,,,,,,,,,,,
24510100100,245101001004,0.9188,0.668721109,0.137,1943.032162,2925.952634,12,99.51,,,,,,,,,,,,,,,
24510100200,245101002001,0.9848,0.306625578,0.148,1829.371864,2532.014023,15,48.68,,,,,,,,,,,,,,,
24510100200,245101002002,0.9848,0.306625578,0.148,2698.775382,2532.014023,15,48.68,,,,,,,,,,,,,,,
24510100200,245101002003,0.9848,0.306625578,0.148,3067.894822,2532.014023,15,48.68,,,,,,,,,,,,,,,
24510100300,245101003001,NA,NA,0.107,6093.446853,6093.446853,2,NA,,,,,,,,,,,,,,,
24510110100,245101101001,0.1269,0.151001541,0.088,7913.516755,6991.937177,13,45.77,,,,,,,,,,,,,,,
24510110100,245101101002,0.1269,0.151001541,0.088,6070.357599,6991.937177,13,45.77,,,,,,,,,,,,,,,
24510110200,245101102001,0.3096,0.083204931,0.09,5154.173375,4447.153004,28,43.93,,,,,,,,,,,,,,,
24510110200,245101102002,0.3096,0.083204931,0.09,4534.358349,4447.153004,28,43.93,,,,,,,,,,,,,,,
24510110200,245101102003,0.3096,0.083204931,0.09,3652.927287,4447.153004,28,43.93,,,,,,,,,,,,,,,
24510120100,245101201001,0.3249,0.403697997,0.081,923.1685558,738.1952503,14,45.05,,,,,,,,,,,,,,,
24510120100,245101201002,0.3249,0.403697997,0.081,602.5224715,738.1952503,14,45.05,,,,,,,,,,,,,,,
24510120100,245101201003,0.3249,0.403697997,0.081,657.7065864,738.1952503,14,45.05,,,,,,,,,,,,,,,
24510120100,245101201004,0.3249,0.403697997,0.081,769.3833874,738.1952503,14,45.05,,,,,,,,,,,,,,,
24510120201,245101202011,0.07107,0.05238829,0.088,1659.949814,1713.003362,10,30.69,,,,,,,,,,,,,,,
24510120201,245101202012,0.07107,0.05238829,0.088,1766.05691,1713.003362,10,30.69,,,,,,,,,,,,,,,
24510120202,245101202021,0.3909,0.06779661,0.092,1617.952768,2180.583405,16,23.4,,,,,,,,,,,,,,,
24510120202,245101202022,0.3909,0.06779661,0.092,2262.15966,2180.583405,16,23.4,,,,,,,,,,,,,,,
24510120202,245101202023,0.3909,0.06779661,0.092,2053.70456,2180.583405,16,23.4,,,,,,,,,,,,,,,
24510120202,245101202024,0.3909,0.06779661,0.092,2426.482387,2180.583405,16,23.4,,,,,,,,,,,,,,,
24510120202,245101202025,0.3909,0.06779661,0.092,2542.61765,2180.583405,16,23.4,,,,,,,,,,,,,,,
24510120300,245101203001,0.2843,0.169491525,0.104,2701.43523,2144.727815,3,34.31,,,,,,,,,,,,,,,
24510120300,245101203002,0.2843,0.169491525,0.104,2356.475741,2144.727815,3,34.31,,,,,,,,,,,,,,,
24510120300,245101203003,0.2843,0.169491525,0.104,1888.726766,2144.727815,3,34.31,,,,,,,,,,,,,,,
24510120300,245101203004,0.2843,0.169491525,0.104,1632.273522,2144.727815,3,34.31,,,,,,,,,,,,,,,
24510120400,245101204001,0.4061,0.349768875,0.119,1800.460736,1647.031994,4,61.24,,,,,,,,,,,,,,,
24510120400,245101204002,0.4061,0.349768875,0.119,1493.603251,1647.031994,4,61.24,,,,,,,,,,,,,,,
24510120500,245101205001,0.4264,0.158705701,0.106,5090.856082,4571.490277,19,63.19,,,,,,,,,,,,,,,
24510120500,245101205002,0.4264,0.158705701,0.106,4052.124472,4571.490277,19,63.19,,,,,,,,,,,,,,,
24510120600,245101206001,0.7107,0.087827427,0.109,2884.271903,2522.574305,25,57.78,,,,,,,,,,,,,,,
24510120600,245101206002,0.7107,0.087827427,0.109,1727.346581,2522.574305,25,57.78,,,,,,,,,,,,,,,
24510120600,245101206003,0.7107,0.087827427,0.109,2956.10443,2522.574305,25,57.78,,,,,,,,,,,,,,,
24510120700,245101207001,0.2234,0.154083205,0.097,1496.876505,1946.130805,13,26.34,,,,,,,,,,,,,,,
24510120700,245101207002,0.2234,0.154083205,0.097,2432.581341,1946.130805,13,26.34,,,,,,,,,,,,,,,
24510120700,245101207003,0.2234,0.154083205,0.097,1908.934569,1946.130805,13,26.34,,,,,,,,,,,,,,,
24510130100,245101301001,0.6751,0.526964561,0.121,5776.716707,2909.87611,7,76.09,,,,,,,,,,,,,,,
24510130100,245101301002,0.6751,0.526964561,0.121,3695.113481,2909.87611,7,76.09,,,,,,,,,,,,,,,
24510130100,245101301003,0.6751,0.526964561,0.121,988.277083,2909.87611,7,76.09,,,,,,,,,,,,,,,
24510130100,245101301004,0.6751,0.526964561,0.121,1179.397167,2909.87611,7,76.09,,,,,,,,,,,,,,,
24510130200,245101302001,0.467,0.343605547,0.12,5982.088495,3015.218615,6,78.66,,,,,,,,,,,,,,,
24510130200,245101302002,0.467,0.343605547,0.12,2821.061716,3015.218615,6,78.66,,,,,,,,,,,,,,,
24510130200,245101302003,0.467,0.343605547,0.12,1229.752711,3015.218615,6,78.66,,,,,,,,,,,,,,,
24510130200,245101302004,0.467,0.343605547,0.12,2027.971537,3015.218615,6,78.66,,,,,,,,,,,,,,,
24510130300,245101303001,0.7513,0.19568567,0.131,1470.798152,1629.173488,13,45.45,,,,,,,,,,,,,,,
24510130300,245101303002,0.7513,0.19568567,0.131,1678.352427,1629.173488,13,45.45,,,,,,,,,,,,,,,
24510130300,245101303003,0.7513,0.19568567,0.131,1738.369885,1629.173488,13,45.45,,,,,,,,,,,,,,,
24510130400,245101304001,0.7411,0.440677966,0.126,4219.572889,3231.967391,13,34.3,,,,,,,,,,,,,,,
24510130400,245101304002,0.7411,0.440677966,0.126,2183.626423,3231.967391,13,34.3,,,,,,,,,,,,,,,
24510130400,245101304003,0.7411,0.440677966,0.126,3292.702862,3231.967391,13,34.3,,,,,,,,,,,,,,,
24510130600,245101306001,0.02538,0.055469954,0.087,2460.967216,1150.894234,13,55,,,,,,,,,,,,,,,
24510130600,245101306002,0.02538,0.055469954,0.087,258.1941197,1150.894234,13,55,,,,,,,,,,,,,,,
24510130600,245101306003,0.02538,0.055469954,0.087,862.1033576,1150.894234,13,55,,,,,,,,,,,,,,,
24510130600,245101306004,0.02538,0.055469954,0.087,1022.312243,1150.894234,13,55,,,,,,,,,,,,,,,
24510130700,245101307001,0.1827,0.092449923,0.086,308.7718751,444.52056,23,29.74,,,,,,,,,,,,,,,
24510130700,245101307002,0.1827,0.092449923,0.086,456.8117004,444.52056,23,29.74,,,,,,,,,,,,,,,
24510130700,245101307003,0.1827,0.092449923,0.086,170.5583984,444.52056,23,29.74,,,,,,,,,,,,,,,
24510130700,245101307004,0.1827,0.092449923,0.086,419.6367318,444.52056,23,29.74,,,,,,,,,,,,,,,
24510130700,245101307005,0.1827,0.092449923,0.086,961.2360967,444.52056,23,29.74,,,,,,,,,,,,,,,
24510130700,245101307006,0.1827,0.092449923,0.086,350.1085578,444.52056,23,29.74,,,,,,,,,,,,,,,
24510130803,245101308031,0.1726,0.325115562,0.092,5078.889623,3393.953667,5,16.24,,,,,,,,,,,,,,,
24510130803,245101308032,0.1726,0.325115562,0.092,3544.802286,3393.953667,5,16.24,,,,,,,,,,,,,,,
24510130803,245101308033,0.1726,0.325115562,0.092,1558.169093,3393.953667,5,16.24,,,,,,,,,,,,,,,
24510130804,245101308041,0.1168,0.064714946,0.095,1755.128511,2507.562215,8,17.69,,,,,,,,,,,,,,,
24510130804,245101308042,0.1168,0.064714946,0.095,3259.995918,2507.562215,8,17.69,,,,,,,,,,,,,,,
24510130805,245101308051,0.2437,0.901386749,0.108,379.8414244,379.8414244,7,84.62,,,,,,,,,,,,,,,
24510130806,245101308061,0.264,0.420647149,0.094,2090.893193,2090.893193,18,40.91,,,,,,,,,,,,,,,
24510140100,245101401001,0.4569,0.144838213,0.099,4716.099051,3361.979505,8,54.69,,,,,,,,,,,,,,,
24510140100,245101401002,0.4569,0.144838213,0.099,5915.250246,3361.979505,8,54.69,,,,,,,,,,,,,,,
24510140100,245101401003,0.4569,0.144838213,0.099,1393.565693,3361.979505,8,54.69,,,,,,,,,,,,,,,
24510140100,245101401004,0.4569,0.144838213,0.099,1423.003029,3361.979505,8,54.69,,,,,,,,,,,,,,,
24510140200,245101402001,0.7868,0.45146379,0.142,834.956301,610.5808622,7,62.63,,,,,,,,,,,,,,,
24510140200,245101402002,0.7868,0.45146379,0.142,836.9731038,610.5808622,7,62.63,,,,,,,,,,,,,,,
24510140200,245101402003,0.7868,0.45146379,0.142,325.4791194,610.5808622,7,62.63,,,,,,,,,,,,,,,
24510140200,245101402004,0.7868,0.45146379,0.142,444.9149244,610.5808622,7,62.63,,,,,,,,,,,,,,,
24510140300,245101403001,0.6701,0.221879815,0.13,1911.679338,1361.080273,8,15.81,,,,,,,,,,,,,,,
24510140300,245101403002,0.6701,0.221879815,0.13,1399.725005,1361.080273,8,15.81,,,,,,,,,,,,,,,
24510140300,245101403003,0.6701,0.221879815,0.13,1300.761414,1361.080273,8,15.81,,,,,,,,,,,,,,,
24510140300,245101403004,0.6701,0.221879815,0.13,832.1553363,1361.080273,8,15.81,,,,,,,,,,,,,,,
24510150100,245101501001,0.934,0.839753467,0.143,1550.911048,929.9723091,6,53.21,,,,,,,,,,,,,,,
24510150100,245101501002,0.934,0.839753467,0.143,786.3048782,929.9723091,6,53.21,,,,,,,,,,,,,,,
24510150100,245101501003,0.934,0.839753467,0.143,452.7010012,929.9723091,6,53.21,,,,,,,,,,,,,,,
24510150200,245101502001,0.6954,0.731895223,0.133,855.789763,1233.111014,7,51.49,,,,,,,,,,,,,,,
24510150200,245101502002,0.6954,0.731895223,0.133,1323.804948,1233.111014,7,51.49,,,,,,,,,,,,,,,
24510150200,245101502003,0.6954,0.731895223,0.133,1519.738332,1233.111014,7,51.49,,,,,,,,,,,,,,,
24510150300,245101503001,0.5228,0.648690293,0.129,1028.962152,747.5375545,9,48.59,,,,,,,,,,,,,,,
24510150300,245101503002,0.5228,0.648690293,0.129,402.1633425,747.5375545,9,48.59,,,,,,,,,,,,,,,
24510150300,245101503003,0.5228,0.648690293,0.129,811.487169,747.5375545,9,48.59,,,,,,,,,,,,,,,
24510150400,245101504001,0.868,0.335901387,0.136,2428.80148,1692.832349,28,63.71,,,,,,,,,,,,,,,
24510150400,245101504002,0.868,0.335901387,0.136,1692.738384,1692.832349,28,63.71,,,,,,,,,,,,,,,
24510150400,245101504003,0.868,0.335901387,0.136,956.9571825,1692.832349,28,63.71,,,,,,,,,,,,,,,
24510150500,245101505001,0.6802,0.567026194,0.13,3419.430681,2515.262831,39,69.61,,,,,,,,,,,,,,,
24510150500,245101505002,0.6802,0.567026194,0.13,1611.094981,2515.262831,39,69.61,,,,,,,,,,,,,,,
24510150600,245101506001,0.9036,0.713405239,0.129,1200.821628,1241,20,79.48,,,,,,,,,,,,,,,
24510150600,245101506002,0.9036,0.713405239,0.129,560.4521729,1241,20,79.48,,,,,,,,,,,,,,,
24510150600,245101506003,0.9036,0.713405239,0.129,895.5993858,1241,20,79.48,,,,,,,,,,,,,,,
24510150600,245101506004,0.9036,0.713405239,0.129,1715.084347,1241.015999,20,79.48,,,,,,,,,,,,,,,
24510150600,245101506005,0.9036,0.713405239,0.129,1833.122462,1241.015999,20,79.48,,,,,,,,,,,,,,,
24510150701,245101507011,0.2741,0.212634823,0.12,1280.998952,1655.753924,20,50.75,,,,,,,,,,,,,,,
24510150701,245101507012,0.2741,0.212634823,0.12,1606.882933,1655.753924,20,50.75,,,,,,,,,,,,,,,
24510150701,245101507013,0.2741,0.212634823,0.12,2079.379888,1655.753924,20,50.75,,,,,,,,,,,,,,,
24510150702,245101507021,0.4619,0.73651772,0.121,968.2107779,1557.498386,3,67.03,,,,,,,,,,,,,,,
24510150702,245101507022,0.4619,0.73651772,0.121,1282.096307,1557.498386,3,67.03,,,,,,,,,,,,,,,
24510150702,245101507023,0.4619,0.73651772,0.121,2422.188073,1557.498386,3,67.03,,,,,,,,,,,,,,,
24510150800,245101508001,0.5533,0.489984592,0.122,2154.347895,1104,26,74.2,,,,,,,,,,,,,,,
24510150800,245101508002,0.5533,0.489984592,0.122,1321.99227,1103.783756,26,74.2,,,,,,,,,,,,,,,
24510150800,245101508003,0.5533,0.489984592,0.122,1004.620707,1103.783756,26,74.2,,,,,,,,,,,,,,,
24510150800,245101508004,0.5533,0.489984592,0.122,576.3632676,1103.783756,26,74.2,,,,,,,,,,,,,,,
24510150800,245101508005,0.5533,0.489984592,0.122,147.1530028,1103.783756,26,74.2,,,,,,,,,,,,,,,
24510150800,245101508006,0.5533,0.489984592,0.122,1418.225395,1103.783756,26,74.2,,,,,,,,,,,,,,,
24510150900,245101509001,0.3452,0.942989214,0.121,445.9630348,275.627916,11,66.14,,,,,,,,,,,,,,,
24510150900,245101509002,0.3452,0.942989214,0.121,45.18494642,275.627916,11,66.14,,,,,,,,,,,,,,,
24510150900,245101509003,0.3452,0.942989214,0.121,124.6065234,275.627916,11,66.14,,,,,,,,,,,,,,,
24510150900,245101509004,0.3452,0.942989214,0.121,486.7571595,275.627916,11,66.14,,,,,,,,,,,,,,,
24510151000,245101510001,0.9391,0.958397535,0.122,477.55494,501.1279549,31,73.31,,,,,,,,,,,,,,,
24510151000,245101510002,0.9391,0.958397535,0.122,178.6279152,501.1279549,31,73.31,,,,,,,,,,,,,,,
24510151000,245101510003,0.9391,0.958397535,0.122,426.8754712,501.1279549,31,73.31,,,,,,,,,,,,,,,
24510151000,245101510004,0.9391,0.958397535,0.122,689.8480272,501.1279549,31,73.31,,,,,,,,,,,,,,,
24510151000,245101510005,0.9391,0.958397535,0.122,1143.564354,501.1279549,31,73.31,,,,,,,,,,,,,,,
24510151000,245101510006,0.9391,0.958397535,0.122,443.486638,501.1279549,31,73.31,,,,,,,,,,,,,,,
24510151000,245101510007,0.9391,0.958397535,0.122,147.9383387,501.1279549,31,73.31,,,,,,,,,,,,,,,
24510151100,245101511001,0.599,0.600924499,0.12,728.4656485,1109,26,34.54,,,,,,,,,,,,,,,
24510151100,245101511002,0.599,0.600924499,0.12,1386.486869,1109.170451,26,34.54,,,,,,,,,,,,,,,
24510151100,245101511003,0.599,0.600924499,0.12,1342.862889,1109.170451,26,34.54,,,,,,,,,,,,,,,
24510151100,245101511004,0.599,0.600924499,0.12,1924.910001,1109.170451,26,34.54,,,,,,,,,,,,,,,
24510151100,245101511005,0.599,0.600924499,0.12,449.6424479,1109.170451,26,34.54,,,,,,,,,,,,,,,
24510151100,245101511006,0.599,0.600924499,0.12,822.6548506,1109.170451,26,34.54,,,,,,,,,,,,,,,
24510151200,245101512001,0.9137,0.422187982,0.135,470.7164588,831.8320341,26,30.25,,,,,,,,,,,,,,,
24510151200,245101512002,0.9137,0.422187982,0.135,1292.552548,831.8320341,26,30.25,,,,,,,,,,,,,,,
24510151200,245101512003,0.9137,0.422187982,0.135,743.7513887,831.8320341,26,30.25,,,,,,,,,,,,,,,
24510151200,245101512004,0.9137,0.422187982,0.135,1150.22489,831.8320341,26,30.25,,,,,,,,,,,,,,,
24510151200,245101512005,0.9137,0.422187982,0.135,501.9148848,831.8320341,26,30.25,,,,,,,,,,,,,,,
24510151300,245101513001,0.9289,0.969183359,0.137,879.8639082,1211.486214,22,70.09,,,,,,,,,,,,,,,
24510151300,245101513002,0.9289,0.969183359,0.137,510.242417,1211.486214,22,70.09,,,,,,,,,,,,,,,
24510151300,245101513003,0.9289,0.969183359,0.137,1332.458753,1211.486214,22,70.09,,,,,,,,,,,,,,,
24510151300,245101513004,0.9289,0.969183359,0.137,1556.086,1211.486214,22,70.09,,,,,,,,,,,,,,,
24510151300,245101513005,0.9289,0.969183359,0.137,1778.779993,1211.486214,22,70.09,,,,,,,,,,,,,,,
24510160100,245101601001,0.6447,0.653312789,0.131,107.4608255,421.8285548,11,83.76,,,,,,,,,,,,,,,
24510160100,245101601002,0.6447,0.653312789,0.131,94.18404479,421.8285548,11,83.76,,,,,,,,,,,,,,,
24510160100,245101601003,0.6447,0.653312789,0.131,892.6091456,421.8285548,11,83.76,,,,,,,,,,,,,,,
24510160100,245101601004,0.6447,0.653312789,0.131,593.0602034,421.8285548,11,83.76,,,,,,,,,,,,,,,
24510160200,245101602001,0.9442,0.217257319,0.137,245.639503,451.5929677,20,51.59,,,,,,,,,,,,,,,
24510160200,245101602002,0.9442,0.217257319,0.137,377.901292,451.5929677,20,51.59,,,,,,,,,,,,,,,
24510160200,245101602003,0.9442,0.217257319,0.137,731.2381082,451.5929677,20,51.59,,,,,,,,,,,,,,,
24510160300,245101603001,0.9645,0.747303544,0.14,875.1663118,1222.435277,5,65.22,,,,,,,,,,,,,,,
24510160300,245101603002,0.9645,0.747303544,0.14,1569.704243,1222.435277,5,65.22,,,,,,,,,,,,,,,
24510160400,245101604001,0.797,0.859784284,0.133,636.784211,1037.840616,5,79.4,,,,,,,,,,,,,,,
24510160400,245101604002,0.797,0.859784284,0.133,875.9044082,1037.840616,5,79.4,,,,,,,,,,,,,,,
24510160400,245101604003,0.797,0.859784284,0.133,887.0228081,1037.840616,5,79.4,,,,,,,,,,,,,,,
24510160400,245101604004,0.797,0.859784284,0.133,1751.651038,1037.840616,5,79.4,,,,,,,,,,,,,,,
24510160500,245101605001,0.6091,0.870570108,0.13,50.78408837,539.863302,17,79.17,,,,,,,,,,,,,,,
24510160500,245101605002,0.6091,0.870570108,0.13,474.9724528,539.863302,17,79.17,,,,,,,,,,,,,,,
24510160500,245101605003,0.6091,0.870570108,0.13,1496.238168,539.863302,17,79.17,,,,,,,,,,,,,,,
24510160500,245101605004,0.6091,0.870570108,0.13,544.5263084,539.863302,17,79.17,,,,,,,,,,,,,,,
24510160500,245101605005,0.6091,0.870570108,0.13,132.7954924,539.863302,17,79.17,,,,,,,,,,,,,,,
24510160600,245101606001,0.7208,0.677966102,0.13,830.9828154,1334.993569,14,66.21,,,,,,,,,,,,,,,
24510160600,245101606002,0.7208,0.677966102,0.13,242.1680101,1334.993569,14,66.21,,,,,,,,,,,,,,,
24510160600,245101606003,0.7208,0.677966102,0.13,1493.395117,1334.993569,14,66.21,,,,,,,,,,,,,,,
24510160600,245101606004,0.7208,0.677966102,0.13,1452.346004,1334.993569,14,66.21,,,,,,,,,,,,,,,
24510160600,245101606005,0.7208,0.677966102,0.13,2656.075897,1334.993569,14,66.21,,,,,,,,,,,,,,,
24510160700,245101607001,0.6345,0.910631741,0.131,164.5120056,510.7283285,11,61.34,,,,,,,,,,,,,,,
24510160700,245101607002,0.6345,0.910631741,0.131,23.33285646,510.7283285,11,61.34,,,,,,,,,,,,,,,
24510160700,245101607003,0.6345,0.910631741,0.131,133.9817968,510.7283285,11,61.34,,,,,,,,,,,,,,,
24510160700,245101607004,0.6345,0.910631741,0.131,794.4994884,510.7283285,11,61.34,,,,,,,,,,,,,,,
24510160700,245101607005,0.6345,0.910631741,0.131,299.2082216,510.7283285,11,61.34,,,,,,,,,,,,,,,
24510160700,245101607006,0.6345,0.910631741,0.131,828.0111417,510.7283285,11,61.34,,,,,,,,,,,,,,,
24510160700,245101607007,0.6345,0.910631741,0.131,1331.552789,510.7283285,11,61.34,,,,,,,,,,,,,,,
24510160801,245101608011,0.3198,0.927580894,0.123,12.67068337,613.0628178,12,53.03,,,,,,,,,,,,,,,
24510160801,245101608012,0.3198,0.927580894,0.123,112.1225639,613.0628178,12,53.03,,,,,,,,,,,,,,,
24510160801,245101608013,0.3198,0.927580894,0.123,606.8362408,613.0628178,12,53.03,,,,,,,,,,,,,,,
24510160801,245101608014,0.3198,0.927580894,0.123,1720.621783,613.0628178,12,53.03,,,,,,,,,,,,,,,
24510160802,245101608021,0.6396,0.993836672,0.125,2046.101695,1840.779585,5,73.29,,,,,,,,,,,,,,,
24510160802,245101608022,0.6396,0.993836672,0.125,2899.930117,1840.779585,5,73.29,,,,,,,,,,,,,,,
24510160802,245101608023,0.6396,0.993836672,0.125,576.3069441,1840.779585,5,73.29,,,,,,,,,,,,,,,
24510170100,245101701001,0.4721,0.061633282,0.12,4570.80324,4967.700862,16,44.02,,,,,,,,,,,,,,,
24510170100,245101701002,0.4721,0.061633282,0.12,5364.598484,4967.700862,16,44.02,,,,,,,,,,,,,,,
24510170200,245101702001,0.9492,0.374422188,0.139,2434.636817,1804.348782,20,58.52,,,,,,,,,,,,,,,
24510170200,245101702002,0.9492,0.374422188,0.139,941.530918,1804.348782,20,58.52,,,,,,,,,,,,,,,
24510170200,245101702003,0.9492,0.374422188,0.139,2036.878612,1804.348782,20,58.52,,,,,,,,,,,,,,,
24510170300,245101703001,0.5482,0.209553159,0.131,721.7808038,2006.961809,4,43.24,,,,,,,,,,,,,,,
24510170300,245101703002,0.5482,0.209553159,0.131,3292.142814,2006.961809,4,43.24,,,,,,,,,,,,,,,
24510180100,245101801001,0.9898,0.228043143,0.156,4316.332733,3426.209322,13,41.42,,,,,,,,,,,,,,,
24510180100,245101801002,0.9898,0.228043143,0.156,2536.08591,3426.209322,13,41.42,,,,,,,,,,,,,,,
24510180200,245101802001,0.9594,0.175654854,0.132,1414.989393,1245.02108,9,41.94,,,,,,,,,,,,,,,
24510180200,245101802002,0.9594,0.175654854,0.132,1075.052766,1245.02108,9,41.94,,,,,,,,,,,,,,,
24510180300,245101803001,0.1472,0.206471495,0.109,3367.813765,3455.242413,8,69.06,,,,,,,,,,,,,,,
24510180300,245101803002,0.1472,0.206471495,0.109,3542.671061,3455.242413,8,69.06,,,,,,,,,,,,,,,
24510190100,245101901001,0.9949,0.576271186,0.137,2105.182841,1633.973817,7,41.57,,,,,,,,,,,,,,,
24510190100,245101901002,0.9949,0.576271186,0.137,1191.39036,1633.973817,7,41.57,,,,,,,,,,,,,,,
24510190100,245101901003,0.9949,0.576271186,0.137,1605.348251,1633.973817,7,41.57,,,,,,,,,,,,,,,
24510190200,245101902001,0.5381,0.340523883,0.12,2180.50345,1714.516918,7,58.46,,,,,,,,,,,,,,,
24510190200,245101902002,0.5381,0.340523883,0.12,1248.530386,1714.516918,7,58.46,,,,,,,,,,,,,,,
24510190300,245101903001,0.9746,0.51155624,0.125,2711.611609,1852,9,51.24,,,,,,,,,,,,,,,
24510190300,245101903002,0.9746,0.51155624,0.125,1731.962283,1852,9,51.24,,,,,,,,,,,,,,,
24510190300,245101903003,0.9746,0.51155624,0.125,1545.154738,1852,9,51.24,,,,,,,,,,,,,,,
24510190300,245101903004,0.9746,0.51155624,0.125,1421.01824,1852.436718,9,51.24,,,,,,,,,,,,,,,
24510200100,245102001001,0.7462,0.795069337,0.136,2016.061238,1758.354876,5,53.82,,,,,,,,,,,,,,,
24510200100,245102001002,0.7462,0.795069337,0.136,1500.648514,1758.354876,5,53.82,,,,,,,,,,,,,,,
24510200200,245102002001,0.5939,0.543913713,0.131,1514.056082,824.0135759,17,82.84,,,,,,,,,,,,,,,
24510200200,245102002002,0.5939,0.543913713,0.131,627.6620896,824.0135759,17,82.84,,,,,,,,,,,,,,,
24510200200,245102002003,0.5939,0.543913713,0.131,457.6506398,824.0135759,17,82.84,,,,,,,,,,,,,,,
24510200200,245102002004,0.5939,0.543913713,0.131,211.5552589,824.0135759,17,82.84,,,,,,,,,,,,,,,
24510200200,245102002005,0.5939,0.543913713,0.131,1309.143809,824.0135759,17,82.84,,,,,,,,,,,,,,,
24510200300,245102003001,0.9543,0.724191063,0.136,959.1368703,1192.288762,11,75.58,,,,,,,,,,,,,,,
24510200300,245102003002,0.9543,0.724191063,0.136,1425.440654,1192.288762,11,75.58,,,,,,,,,,,,,,,
24510200400,245102004001,0.7919,0.517719569,0.142,368.9918311,359.5146637,11,27.56,,,,,,,,,,,,,,,
24510200400,245102004002,0.7919,0.517719569,0.142,350.0374963,359.5146637,11,27.56,,,,,,,,,,,,,,,
24510200500,245102005001,0.7563,0.784283513,0.134,629.3284265,773.837015,12,49.24,,,,,,,,,,,,,,,
24510200500,245102005002,0.7563,0.784283513,0.134,586.3200081,773.837015,12,49.24,,,,,,,,,,,,,,,
24510200500,245102005003,0.7563,0.784283513,0.134,1087.357515,773.837015,12,49.24,,,,,,,,,,,,,,,
24510200500,245102005004,0.7563,0.784283513,0.134,745.3742952,773.837015,12,49.24,,,,,,,,,,,,,,,
24510200500,245102005005,0.7563,0.784283513,0.134,820.8048301,773.837015,12,49.24,,,,,,,,,,,,,,,
24510200600,245102006001,0.5787,0.161787365,0.123,927.3012076,1287.265761,20,31.34,,,,,,,,,,,,,,,
24510200600,245102006002,0.5787,0.161787365,0.123,1789.070904,1287.265761,20,31.34,,,,,,,,,,,,,,,
24510200600,245102006003,0.5787,0.161787365,0.123,1145.425171,1287.265761,20,31.34,,,,,,,,,,,,,,,
24510200701,245102007011,0.8731,0.352850539,0.13,3221.494001,1892,19,52.78,,,,,,,,,,,,,,,
24510200701,245102007012,0.8731,0.352850539,0.13,1669.680692,1891.739732,19,52.78,,,,,,,,,,,,,,,
24510200701,245102007013,0.8731,0.352850539,0.13,1041.049092,1891.739732,19,52.78,,,,,,,,,,,,,,,
24510200701,245102007014,0.8731,0.352850539,0.13,1229.917195,1891.739732,19,52.78,,,,,,,,,,,,,,,
24510200701,245102007015,0.8731,0.352850539,0.13,2296.557682,1891.739732,19,52.78,,,,,,,,,,,,,,,
24510200702,245102007021,0.4162,0.619414484,0.134,1494.539687,908.7824149,6,32.95,,,,,,,,,,,,,,,
24510200702,245102007022,0.4162,0.619414484,0.134,323.0251427,908.7824149,6,32.95,,,,,,,,,,,,,,,
24510200800,245102008001,0.7259,0.183359014,0.125,483.8989959,507.9212573,15,7.89,,,,,,,,,,,,,,,
24510200800,245102008002,0.7259,0.183359014,0.125,452.0049889,507.9212573,15,7.89,,,,,,,,,,,,,,,
24510200800,245102008003,0.7259,0.183359014,0.125,587.859787,507.9212573,15,7.89,,,,,,,,,,,,,,,
24510210100,245102101001,0.3959,0.237288136,0.108,1820.59778,2804.180675,12,54.25,,,,,,,,,,,,,,,
24510210100,245102101002,0.3959,0.237288136,0.108,3787.76357,2804.180675,12,54.25,,,,,,,,,,,,,,,
24510210200,245102102001,0.5584,0.11248074,0.115,588.8434949,1045.83287,29,42.43,,,,,,,,,,,,,,,
24510210200,245102102002,0.5584,0.11248074,0.115,1502.822245,1045.83287,29,42.43,,,,,,,,,,,,,,,
24510220100,245102201001,0.1523,0.018489985,0.088,8043.808816,4821.165926,28,57.71,,,,,,,,,,,,,,,
24510220100,245102201002,0.1523,0.018489985,0.088,6022.238291,4821.165926,28,57.71,,,,,,,,,,,,,,,
24510220100,245102201003,0.1523,0.018489985,0.088,1793.625486,4821.165926,28,57.71,,,,,,,,,,,,,,,
24510220100,245102201004,0.1523,0.018489985,0.088,3424.99111,4821.165926,28,57.71,,,,,,,,,,,,,,,
24510230100,245102301001,0.09137,0.18798151,0.096,3060.023288,3833.698179,3,70.27,,,,,,,,,,,,,,,
24510230100,245102301002,0.09137,0.18798151,0.096,4607.373069,3833.698179,3,70.27,,,,,,,,,,,,,,,
24510230200,245102302001,0.06599,0.046224961,0.085,1652.398035,1893.976498,10,7.89,,,,,,,,,,,,,,,
24510230200,245102302002,0.06599,0.046224961,0.085,2135.554961,1893.976498,10,7.89,,,,,,,,,,,,,,,
24510230300,245102303001,0.05584,0.040061633,0.082,7279.061071,5878.117345,9,18.68,,,,,,,,,,,,,,,
24510230300,245102303002,0.05584,0.040061633,0.082,4477.173619,5878.117345,9,18.68,,,,,,,,,,,,,,,
24510240100,245102401001,0.03553,0.2403698,0.083,421.0738237,677.2751127,9,53.95,,,,,,,,,,,,,,,
24510240100,245102401002,0.03553,0.2403698,0.083,933.4764017,677.2751127,9,53.95,,,,,,,,,,,,,,,
24510240200,245102402001,0.04061,0.043143297,0.08,280.6577439,232.5718717,12,52.99,,,,,,,,,,,,,,,
24510240200,245102402002,0.04061,0.043143297,0.08,184.4859994,232.5718717,12,52.99,,,,,,,,,,,,,,,
24510240300,245102403001,0.03046,0.07550077,0.082,814.4639196,590.7002217,1,35.23,,,,,,,,,,,,,,,
24510240300,245102403002,0.03046,0.07550077,0.082,413.7093633,590.7002217,1,35.23,,,,,,,,,,,,,,,
24510240300,245102403003,0.03046,0.07550077,0.082,543.9273822,590.7002217,1,35.23,,,,,,,,,,,,,,,
24510240400,245102404001,0.01015,0.1201849,0.086,1612.201164,2619.116667,6,62.62,,,,,,,,,,,,,,,
24510240400,245102404002,0.01015,0.1201849,0.086,4942.239355,2619.116667,6,62.62,,,,,,,,,,,,,,,
24510240400,245102404003,0.01015,0.1201849,0.086,1302.909482,2619.116667,6,62.62,,,,,,,,,,,,,,,
24510250101,245102501011,0.4822,0.448382126,0.122,434.7767972,326.5849263,9,53.46,,,,,,,,,,,,,,,
24510250101,245102501012,0.4822,0.448382126,0.122,218.3930554,326.5849263,9,53.46,,,,,,,,,,,,,,,
24510250102,245102501021,0.4467,0.332819723,0.123,426.8692721,241.5930672,12,21.57,,,,,,,,,,,,,,,
24510250102,245102501022,0.4467,0.332819723,0.123,56.31686224,241.5930672,12,21.57,,,,,,,,,,,,,,,
24510250103,245102501031,0.7005,0.429892142,0.11,1903.012919,1206.694159,21,47.69,,,,,,,,,,,,,,,
24510250103,245102501032,0.7005,0.429892142,0.11,1379.746094,1206.694159,21,47.69,,,,,,,,,,,,,,,
24510250103,245102501033,0.7005,0.429892142,0.11,802.0542425,1206.694159,21,47.69,,,,,,,,,,,,,,,
24510250103,245102501034,0.7005,0.429892142,0.11,741.96338,1206.694159,21,47.69,,,,,,,,,,,,,,,
24510250203,245102502031,0.5076,0.710323575,0.127,362.1435233,191.2945677,10,49.46,,,,,,,,,,,,,,,
24510250203,245102502032,0.5076,0.710323575,0.127,20.44561215,191.2945677,10,49.46,,,,,,,,,,,,,,,
24510250204,245102502041,0.8934,0.755007704,0.152,314.5024525,235.4024199,20,58.91,,,,,,,,,,,,,,,
24510250204,245102502042,0.8934,0.755007704,0.152,156.3023872,235.4024199,20,58.91,,,,,,,,,,,,,,,
24510250205,245102502051,0.5635,0.249614792,0.116,932.9326104,1071.024478,31,76.95,,,,,,,,,,,,,,,
24510250205,245102502052,0.5635,0.249614792,0.116,2717.121141,1071.024478,31,76.95,,,,,,,,,,,,,,,
24510250205,245102502053,0.5635,0.249614792,0.116,339.6535704,1071.024478,31,76.95,,,,,,,,,,,,,,,
24510250205,245102502054,0.5635,0.249614792,0.116,271.5935072,1071.024478,31,76.95,,,,,,,,,,,,,,,
24510250205,245102502055,0.5635,0.249614792,0.116,1093.821559,1071.024478,31,76.95,,,,,,,,,,,,,,,
24510250206,245102502061,0.09645,0.798151002,0.101,1880.127132,2083.905326,22,67.22,,,,,,,,,,,,,,,
24510250206,245102502062,0.09645,0.798151002,0.101,702.1819127,2083.905326,22,67.22,,,,,,,,,,,,,,,
24510250206,245102502063,0.09645,0.798151002,0.101,3669.406933,2083.905326,22,67.22,,,,,,,,,,,,,,,
24510250207,245102502071,0.9239,0.844375963,0.128,31.51527003,31.55615508,11,60.78,,,,,,,,,,,,,,,
24510250207,245102502072,0.9239,0.844375963,0.128,31.59704012,31.55615508,11,60.78,,,,,,,,,,,,,,,
24510250301,245102503011,0.8173,0.665639445,0.135,3484.033169,2797.308886,14,42.52,,,,,,,,,,,,,,,
24510250301,245102503012,0.8173,0.665639445,0.135,2110.584603,2797.308886,14,42.52,,,,,,,,,,,,,,,
24510250303,245102503031,0.6142,0.580893683,0.114,2280.198451,4311.556659,7,70.33,,,,,,,,,,,,,,,
24510250303,245102503032,0.6142,0.580893683,0.114,1491.427533,4311.556659,7,70.33,,,,,,,,,,,,,,,
24510250303,245102503033,0.6142,0.580893683,0.114,9163.043993,4311.556659,7,70.33,,,,,,,,,,,,,,,
24510250401,245102504011,0.6244,0.551617874,0.113,3444.437894,2548.137549,14,44.4,,,,,,,,,,,,,,,
24510250401,245102504012,0.6244,0.551617874,0.113,757.5945258,2548.137549,14,44.4,,,,,,,,,,,,,,,
24510250401,245102504013,0.6244,0.551617874,0.113,3442.380226,2548.137549,14,44.4,,,,,,,,,,,,,,,
24510250402,245102504021,0.665,0.921417565,0.12,415.7309192,206.8816258,10,66.01,,,,,,,,,,,,,,,
24510250402,245102504022,0.665,0.921417565,0.12,23.40431858,206.8816258,10,66.01,,,,,,,,,,,,,,,
24510250402,245102504023,0.665,0.921417565,0.12,28.09815872,206.8816258,10,66.01,,,,,,,,,,,,,,,
24510250402,245102504024,0.665,0.921417565,0.12,360.2931068,206.8816258,10,66.01,,,,,,,,,,,,,,,
24510250500,245102505001,0.6548,0.499229584,0.119,2258.317068,816.1414577,31,52.82,,,,,,,,,,,,,,,
24510250500,245102505002,0.6548,0.499229584,0.119,636.5313289,816.1414577,31,52.82,,,,,,,,,,,,,,,
24510250500,245102505003,0.6548,0.499229584,0.119,272.3929708,816.1414577,31,52.82,,,,,,,,,,,,,,,
24510250500,245102505004,0.6548,0.499229584,0.119,411.5159769,816.1414577,31,52.82,,,,,,,,,,,,,,,
24510250500,245102505005,0.6548,0.499229584,0.119,501.9499439,816.1414577,31,52.82,,,,,,,,,,,,,,,
24510250600,245102506001,NA,NA,NA,6723.366505,6723.366505,3,NA,,,,,,,,,,,,,,,
24510260101,245102601011,0.3807,0.816640986,0.109,679.7148744,294.5590347,12,78.18,,,,,,,,,,,,,,,
24510260101,245102601012,0.3807,0.816640986,0.109,203.4131156,294.5590347,12,78.18,,,,,,,,,,,,,,,
24510260101,245102601013,0.3807,0.816640986,0.109,75.28715044,294.5590347,12,78.18,,,,,,,,,,,,,,,
24510260101,245102601014,0.3807,0.816640986,0.109,148.4824954,294.5590347,12,78.18,,,,,,,,,,,,,,,
24510260101,245102601015,0.3807,0.816640986,0.109,365.8975378,294.5590347,12,78.18,,,,,,,,,,,,,,,
24510260102,245102601021,0.2284,0.685670262,0.12,148.0377365,204.7719996,12,61.06,,,,,,,,,,,,,,,
24510260102,245102601022,0.2284,0.685670262,0.12,83.50761731,204.7719996,12,61.06,,,,,,,,,,,,,,,
24510260102,245102601023,0.2284,0.685670262,0.12,140.6655685,204.7719996,12,61.06,,,,,,,,,,,,,,,
24510260102,245102601024,0.2284,0.685670262,0.12,228.3476857,204.7719996,12,61.06,,,,,,,,,,,,,,,
24510260102,245102601025,0.2284,0.685670262,0.12,423.3013901,204.7719996,12,61.06,,,,,,,,,,,,,,,
24510260201,245102602011,0.4975,0.243451464,0.116,663.1794934,720.1596063,22,62.36,,,,,,,,,,,,,,,
24510260201,245102602012,0.4975,0.243451464,0.116,284.7129762,720.1596063,22,62.36,,,,,,,,,,,,,,,
24510260201,245102602013,0.4975,0.243451464,0.116,1433.497255,720.1596063,22,62.36,,,,,,,,,,,,,,,
24510260201,245102602014,0.4975,0.243451464,0.116,499.2487007,720.1596063,22,62.36,,,,,,,,,,,,,,,
24510260202,245102602021,0.5736,0.537750385,0.124,1567.699201,1035.56301,17,87.2,,,,,,,,,,,,,,,
24510260202,245102602022,0.5736,0.537750385,0.124,1177.83611,1035.56301,17,87.2,,,,,,,,,,,,,,,
24510260202,245102602023,0.5736,0.537750385,0.124,428.6393848,1035.56301,17,87.2,,,,,,,,,,,,,,,
24510260202,245102602024,0.5736,0.537750385,0.124,968.0773436,1035.56301,17,87.2,,,,,,,,,,,,,,,
24510260203,245102602031,0.5127,0.329738059,0.123,1592.208996,1043.995618,20,53.3,,,,,,,,,,,,,,,
24510260203,245102602032,0.5127,0.329738059,0.123,495.7822407,1043.995618,20,53.3,,,,,,,,,,,,,,,
24510260301,245102603011,0.5431,0.593220339,0.127,806.7211,918.0445267,9,64.74,,,,,,,,,,,,,,,
24510260301,245102603012,0.5431,0.593220339,0.127,20.55340324,918.0445267,9,64.74,,,,,,,,,,,,,,,
24510260301,245102603013,0.5431,0.593220339,0.127,173.4441805,918.0445267,9,64.74,,,,,,,,,,,,,,,
24510260301,245102603014,0.5431,0.593220339,0.127,1291.565706,918.0445267,9,64.74,,,,,,,,,,,,,,,
24510260301,245102603015,0.5431,0.593220339,0.127,2297.938244,918.0445267,9,64.74,,,,,,,,,,,,,,,
24510260302,245102603021,0.731,0.765793529,0.131,716.5017635,1307.692629,11,82.82,,,,,,,,,,,,,,,
24510260302,245102603022,0.731,0.765793529,0.131,501.7407249,1307.692629,11,82.82,,,,,,,,,,,,,,,
24510260302,245102603023,0.731,0.765793529,0.131,1664.688384,1307.692629,11,82.82,,,,,,,,,,,,,,,
24510260302,245102603024,0.731,0.765793529,0.131,488.3002369,1307.692629,11,82.82,,,,,,,,,,,,,,,
24510260302,245102603025,0.731,0.765793529,0.131,2031.927452,1307.692629,11,82.82,,,,,,,,,,,,,,,
24510260302,245102603026,0.731,0.765793529,0.131,2442.99721,1307.692629,11,82.82,,,,,,,,,,,,,,,
24510260303,245102603031,0.5279,0.194144838,0.137,503.7164317,503.7164317,11,100,,,,,,,,,,,,,,,
24510260401,245102604011,0.8579,0.399075501,0.109,4358.744546,3382.717014,15,50.81,,,,,,,,,,,,,,,
24510260401,245102604012,0.8579,0.399075501,0.109,845.4962734,3382.717014,15,50.81,,,,,,,,,,,,,,,
24510260401,245102604013,0.8579,0.399075501,0.109,4943.910224,3382.717014,15,50.81,,,,,,,,,,,,,,,
24510260402,245102604021,0.8122,0.721109399,0.126,1735.343245,1531.399566,11,92,,,,,,,,,,,,,,,
24510260402,245102604022,0.8122,0.721109399,0.126,1327.455886,1531.399566,11,92,,,,,,,,,,,,,,,
24510260403,245102604031,0.401,0.955315871,0.126,1777.665232,5739.925141,13,70.99,,,,,,,,,,,,,,,
24510260403,245102604032,0.401,0.955315871,0.126,9702.18505,5739.925141,13,70.99,,,,,,,,,,,,,,,
24510260404,245102604041,0.6904,0.474576271,0.108,9830.291939,4435.007127,26,60.87,,,,,,,,,,,,,,,
24510260404,245102604042,0.6904,0.474576271,0.108,1755.828025,4435.007127,26,60.87,,,,,,,,,,,,,,,
24510260404,245102604043,0.6904,0.474576271,0.108,1718.901417,4435.007127,26,60.87,,,,,,,,,,,,,,,
24510260501,245102605011,0.6599,0.115562404,0.099,2574.292884,5827.209089,31,26.88,,,,,,,,,,,,,,,
24510260501,245102605012,0.6599,0.115562404,0.099,8737.227154,5827.209089,31,26.88,,,,,,,,,,,,,,,
24510260501,245102605013,0.6599,0.115562404,0.099,6170.10723,5827.209089,31,26.88,,,,,,,,,,,,,,,
24510260604,245102606041,0.802,0.394453005,0.124,1652.262166,1695.64711,6,53.33,,,,,,,,,,,,,,,
24510260604,245102606042,0.802,0.394453005,0.124,2822.526229,1695.64711,6,53.33,,,,,,,,,,,,,,,
24510260604,245102606043,0.802,0.394453005,0.124,612.1529339,1695.64711,6,53.33,,,,,,,,,,,,,,,
24510260605,245102606051,0.8376,0.297380586,0.112,1676.064368,1433.833289,34,45.66,,,,,,,,,,,,,,,
24510260605,245102606052,0.8376,0.297380586,0.112,1017.558289,1433.833289,34,45.66,,,,,,,,,,,,,,,
24510260605,245102606053,0.8376,0.297380586,0.112,2876.728826,1433.833289,34,45.66,,,,,,,,,,,,,,,
24510260605,245102606054,0.8376,0.297380586,0.112,266.3252628,1433.833289,34,45.66,,,,,,,,,,,,,,,
24510260605,245102606055,0.8376,0.297380586,0.112,1888.751853,1433.833289,34,45.66,,,,,,,,,,,,,,,
24510260605,245102606056,0.8376,0.297380586,0.112,877.5711331,1433.833289,34,45.66,,,,,,,,,,,,,,,
24510260700,245102607001,0.3858,0.134052388,0.097,5023.416725,4541.468275,5,31.47,,,,,,,,,,,,,,,
24510260700,245102607002,0.3858,0.134052388,0.097,4059.519824,4541.468275,5,31.47,,,,,,,,,,,,,,,
24510260800,245102608001,0.533,0.674884438,0.102,1368.558584,1196.334139,5,78.91,,,,,,,,,,,,,,,
24510260800,245102608002,0.533,0.674884438,0.102,1024.109694,1196.334139,5,78.91,,,,,,,,,,,,,,,
24510260900,245102609001,0.1015,0.010785824,0.085,876.9365284,854.7834571,12,18.6,,,,,,,,,,,,,,,
24510260900,245102609002,0.1015,0.010785824,0.085,647.439981,854.7834571,12,18.6,,,,,,,,,,,,,,,
24510260900,245102609003,0.1015,0.010785824,0.085,1039.973862,854.7834571,12,18.6,,,,,,,,,,,,,,,
24510261000,245102610001,0.5888,0.291217257,0.108,2058.68125,1365.522944,11,66.89,,,,,,,,,,,,,,,
24510261000,245102610002,0.5888,0.291217257,0.108,1812.322716,1365.522944,11,66.89,,,,,,,,,,,,,,,
24510261000,245102610003,0.5888,0.291217257,0.108,930.3327332,1365.522944,11,66.89,,,,,,,,,,,,,,,
24510261000,245102610004,0.5888,0.291217257,0.108,660.7550778,1365.522944,11,66.89,,,,,,,,,,,,,,,
24510261100,245102611001,0,0.191063174,0.084,934.5444655,826.2413015,6,78.95,,,,,,,,,,,,,,,
24510261100,245102611002,0,0.191063174,0.084,717.9381374,826.2413015,6,78.95,,,,,,,,,,,,,,,
24510270101,245102701011,0.1777,0.852080123,0.106,744.4937278,766.694927,6,67.5,,,,,,,,,,,,,,,
24510270101,245102701012,0.1777,0.852080123,0.106,788.8961261,766.694927,6,67.5,,,,,,,,,,,,,,,
24510270102,245102701021,0.3756,0.88751926,0.115,262.4907006,712.4658067,11,95.27,,,,,,,,,,,,,,,
24510270102,245102701022,0.3756,0.88751926,0.115,790.4803021,712.4658067,11,95.27,,,,,,,,,,,,,,,
24510270102,245102701023,0.3756,0.88751926,0.115,1232.508493,712.4658067,11,95.27,,,,,,,,,,,,,,,
24510270102,245102701024,0.3756,0.88751926,0.115,564.3837309,712.4658067,11,95.27,,,,,,,,,,,,,,,
24510270200,245102702001,0.1371,0.847457627,0.098,1482.623317,1133.813645,7,92.55,,,,,,,,,,,,,,,
24510270200,245102702002,0.1371,0.847457627,0.098,747.8594509,1133.813645,7,92.55,,,,,,,,,,,,,,,
24510270200,245102702003,0.1371,0.847457627,0.098,1170.958167,1133.813645,7,92.55,,,,,,,,,,,,,,,
24510270301,245102703011,0.335,0.55624037,0.102,1304.451549,946.5395993,6,50,,,,,,,,,,,,,,,
24510270301,245102703012,0.335,0.55624037,0.102,1405.416706,946.5395993,6,50,,,,,,,,,,,,,,,
24510270301,245102703013,0.335,0.55624037,0.102,704.9756727,946.5395993,6,50,,,,,,,,,,,,,,,
24510270301,245102703014,0.335,0.55624037,0.102,371.3144693,946.5395993,6,50,,,,,,,,,,,,,,,
24510270302,245102703021,0.2183,0.791987673,0.106,1134.631679,1086,4,52.04,,,,,,,,,,,,,,,
24510270302,245102703022,0.2183,0.791987673,0.106,1038.031509,1086.331594,4,52.04,,,,,,,,,,,,,,,
24510270401,245102704011,0.2335,0.265023112,0.109,612.515441,1086,14,66.67,,,,,,,,,,,,,,,
24510270401,245102704012,0.2335,0.265023112,0.109,213.972836,1086.331594,14,66.67,,,,,,,,,,,,,,,
24510270401,245102704013,0.2335,0.265023112,0.109,881.7672286,1086.331594,14,66.67,,,,,,,,,,,,,,,
24510270401,245102704014,0.2335,0.265023112,0.109,314.568657,1086.331594,14,66.67,,,,,,,,,,,,,,,
24510270402,245102704021,0.1878,0.479198767,0.104,75.23579901,1086,5,24.53,,,,,,,,,,,,,,,
24510270402,245102704022,0.1878,0.479198767,0.104,295.1381048,1086.331594,5,24.53,,,,,,,,,,,,,,,
24510270402,245102704023,0.1878,0.479198767,0.104,845.2915066,1086.331594,5,24.53,,,,,,,,,,,,,,,
24510270402,245102704024,0.1878,0.479198767,0.104,207.1422553,1086.331594,5,24.53,,,,,,,,,,,,,,,
24510270501,245102705011,0.1675,0.622496148,0.099,566.4877032,569.9348002,8,18.03,,,,,,,,,,,,,,,
24510270501,245102705012,0.1675,0.622496148,0.099,561.1556107,569.9348002,8,18.03,,,,,,,,,,,,,,,
24510270501,245102705013,0.1675,0.622496148,0.099,541.4463531,569.9348002,8,18.03,,,,,,,,,,,,,,,
24510270501,245102705014,0.1675,0.622496148,0.099,610.6495337,569.9348002,8,18.03,,,,,,,,,,,,,,,
24510270502,245102705021,0.2487,0.741140216,0.103,1006.153493,638.523806,13,48.46,,,,,,,,,,,,,,,
24510270502,245102705022,0.2487,0.741140216,0.103,471.0450144,638.523806,13,48.46,,,,,,,,,,,,,,,
24510270502,245102705023,0.2487,0.741140216,0.103,220.602305,638.523806,13,48.46,,,,,,,,,,,,,,,
24510270502,245102705024,0.2487,0.741140216,0.103,856.2944117,638.523806,13,48.46,,,,,,,,,,,,,,,
24510270600,245102706001,0.1574,0.878274268,0.106,271.4082146,523.2473413,7,87.78,,,,,,,,,,,,,,,
24510270600,245102706002,0.1574,0.878274268,0.106,742.9099688,523.2473413,7,87.78,,,,,,,,,,,,,,,
24510270600,245102706003,0.1574,0.878274268,0.106,688.3464744,523.2473413,7,87.78,,,,,,,,,,,,,,,
24510270600,245102706004,0.1574,0.878274268,0.106,321.2590213,523.2473413,7,87.78,,,,,,,,,,,,,,,
24510270600,245102706005,0.1574,0.878274268,0.106,183.329787,523.2473413,7,87.78,,,,,,,,,,,,,,,
24510270600,245102706006,0.1574,0.878274268,0.106,932.2305816,523.2473413,7,87.78,,,,,,,,,,,,,,,
24510270701,245102707011,0.3503,0.979969183,0.128,1323.27567,1323.27567,6,97.32,,,,,,,,,,,,,,,
24510270702,245102707021,0.3147,0.533127889,0.116,2458.110468,1541.870667,12,75,,,,,,,,,,,,,,,
24510270702,245102707022,0.3147,0.533127889,0.116,946.5159243,1541.870667,12,75,,,,,,,,,,,,,,,
24510270702,245102707023,0.3147,0.533127889,0.116,1220.985608,1541.870667,12,75,,,,,,,,,,,,,,,
24510270703,245102707031,0.1117,0.727272727,0.096,687.594709,622.6793592,5,15.79,,,,,,,,,,,,,,,
24510270703,245102707032,0.1117,0.727272727,0.096,889.1064692,622.6793592,5,15.79,,,,,,,,,,,,,,,
24510270703,245102707033,0.1117,0.727272727,0.096,291.3368995,622.6793592,5,15.79,,,,,,,,,,,,,,,
24510270801,245102708011,0.4315,0.570107858,0.116,844.5908679,1062.504324,7,31.23,,,,,,,,,,,,,,,
24510270801,245102708012,0.4315,0.570107858,0.116,1841.809637,1062.504324,7,31.23,,,,,,,,,,,,,,,
24510270801,245102708013,0.4315,0.570107858,0.116,1116.825692,1062.504324,7,31.23,,,,,,,,,,,,,,,
24510270801,245102708014,0.4315,0.570107858,0.116,446.791099,1062.504324,7,31.23,,,,,,,,,,,,,,,
24510270802,245102708021,0.4112,0.824345146,0.12,1680.947776,978.8320483,25,86.3,,,,,,,,,,,,,,,
24510270802,245102708022,0.4112,0.824345146,0.12,384.1851867,978.8320483,25,86.3,,,,,,,,,,,,,,,
24510270802,245102708023,0.4112,0.824345146,0.12,360.1692998,978.8320483,25,86.3,,,,,,,,,,,,,,,
24510270802,245102708024,0.4112,0.824345146,0.12,1203.527381,978.8320483,25,86.3,,,,,,,,,,,,,,,
24510270802,245102708025,0.4112,0.824345146,0.12,1265.330598,978.8320483,25,86.3,,,,,,,,,,,,,,,
24510270803,245102708031,0.4873,0.644067797,0.115,820.1724534,938.4461773,22,37.08,,,,,,,,,,,,,,,
24510270803,245102708032,0.4873,0.644067797,0.115,1531.709702,938.4461773,22,37.08,,,,,,,,,,,,,,,
24510270803,245102708033,0.4873,0.644067797,0.115,463.4563766,938.4461773,22,37.08,,,,,,,,,,,,,,,
24510270804,245102708041,0.3046,0.697996918,0.101,196.343899,1063.504961,5,31.94,,,,,,,,,,,,,,,
24510270804,245102708042,0.3046,0.697996918,0.101,1892.360783,1063.504961,5,31.94,,,,,,,,,,,,,,,
24510270804,245102708043,0.3046,0.697996918,0.101,1304.624258,1063.504961,5,31.94,,,,,,,,,,,,,,,
24510270804,245102708044,0.3046,0.697996918,0.101,860.6909056,1063.504961,5,31.94,,,,,,,,,,,,,,,
24510270805,245102708051,0.2995,0.277349769,0.113,997.7892329,642.3163512,18,25.86,,,,,,,,,,,,,,,
24510270805,245102708052,0.2995,0.277349769,0.113,195.4906352,642.3163512,18,25.86,,,,,,,,,,,,,,,
24510270805,245102708053,0.2995,0.277349769,0.113,215.8552353,642.3163512,18,25.86,,,,,,,,,,,,,,,
24510270805,245102708054,0.2995,0.277349769,0.113,562.2014948,642.3163512,18,25.86,,,,,,,,,,,,,,,
24510270805,245102708055,0.2995,0.277349769,0.113,1240.245158,642.3163512,18,25.86,,,,,,,,,,,,,,,
24510270901,245102709011,0.2792,0.938366718,0.119,369.5441788,521.6639051,11,63.73,,,,,,,,,,,,,,,
24510270901,245102709012,0.2792,0.938366718,0.119,664.2577418,521.6639051,11,63.73,,,,,,,,,,,,,,,
24510270901,245102709013,0.2792,0.938366718,0.119,531.1897948,521.6639051,11,63.73,,,,,,,,,,,,,,,
24510270902,245102709021,0.4772,0.750385208,0.117,1348.33061,1027.678688,4,53.01,,,,,,,,,,,,,,,
24510270902,245102709022,0.4772,0.750385208,0.117,1211.624222,1027.678688,4,53.01,,,,,,,,,,,,,,,
24510270902,245102709023,0.4772,0.750385208,0.117,523.0812325,1027.678688,4,53.01,,,,,,,,,,,,,,,
24510270903,245102709031,0.2589,0.178736518,0.12,1208.389735,986.7490656,18,53.22,,,,,,,,,,,,,,,
24510270903,245102709032,0.2589,0.178736518,0.12,619.8592527,986.7490656,18,53.22,,,,,,,,,,,,,,,
24510270903,245102709033,0.2589,0.178736518,0.12,1131.998209,986.7490656,18,53.22,,,,,,,,,,,,,,,
24510271001,245102710011,0.7716,0.893682589,0.126,1315.532758,834.400829,10,69.74,,,,,,,,,,,,,,,
24510271001,245102710012,0.7716,0.893682589,0.126,794.2988594,834.400829,10,69.74,,,,,,,,,,,,,,,
24510271001,245102710013,0.7716,0.893682589,0.126,393.3708696,834.400829,10,69.74,,,,,,,,,,,,,,,
24510271002,245102710021,0.6193,0.758089368,0.124,515.0512704,765.4731107,11,94.7,,,,,,,,,,,,,,,
24510271002,245102710022,0.6193,0.758089368,0.124,1504.157709,765.4731107,11,94.7,,,,,,,,,,,,,,,
24510271002,245102710023,0.6193,0.758089368,0.124,867.3113165,765.4731107,11,94.7,,,,,,,,,,,,,,,
24510271002,245102710024,0.6193,0.758089368,0.124,532.0217217,765.4731107,11,94.7,,,,,,,,,,,,,,,
24510271002,245102710025,0.6193,0.758089368,0.124,408.8235358,765.4731107,11,94.7,,,,,,,,,,,,,,,
24510271101,245102711011,0.2893,0.485362096,0.101,668.749355,843,9,41.14,,,,,,,,,,,,,,,
24510271101,245102711012,0.2893,0.485362096,0.101,823.2732695,843.2146665,9,41.14,,,,,,,,,,,,,,,
24510271101,245102711013,0.2893,0.485362096,0.101,1037.621375,843.2146665,9,41.14,,,,,,,,,,,,,,,
24510271102,245102711021,0.0203,0.371340524,0.104,1025.492158,1193.540998,6,42.95,,,,,,,,,,,,,,,
24510271102,245102711022,0.0203,0.371340524,0.104,1361.589837,1193.540998,6,42.95,,,,,,,,,,,,,,,
24510271200,245102712001,0.08629,0.465331279,0.085,856.0027806,1074.562311,23,74.57,,,,,,,,,,,,,,,
24510271200,245102712002,0.08629,0.465331279,0.085,2167.820285,1074.562311,23,74.57,,,,,,,,,,,,,,,
24510271200,245102712003,0.08629,0.465331279,0.085,561.762275,1074.562311,23,74.57,,,,,,,,,,,,,,,
24510271200,245102712004,0.08629,0.465331279,0.085,515.1895834,1074.562311,23,74.57,,,,,,,,,,,,,,,
24510271200,245102712005,0.08629,0.465331279,0.085,1504.59873,1074.562311,23,74.57,,,,,,,,,,,,,,,
24510271200,245102712006,0.08629,0.465331279,0.085,842.0002146,1074.562311,23,74.57,,,,,,,,,,,,,,,
24510271300,245102713001,0.1421,0.311248074,0.077,2339.541238,1211.226218,24,57.78,,,,,,,,,,,,,,,
24510271300,245102713002,0.1421,0.311248074,0.077,380.3368161,1211.226218,24,57.78,,,,,,,,,,,,,,,
24510271300,245102713003,0.1421,0.311248074,0.077,913.8005987,1211.226218,24,57.78,,,,,,,,,,,,,,,
24510271400,245102714001,0.1624,0.506933744,0.082,880.7802135,663.1097122,18,82.14,,,,,,,,,,,,,,,
24510271400,245102714002,0.1624,0.506933744,0.082,346.0139304,663.1097122,18,82.14,,,,,,,,,,,,,,,
24510271400,245102714003,0.1624,0.506933744,0.082,762.5349926,663.1097122,18,82.14,,,,,,,,,,,,,,,
24510271501,245102715011,0.132,0.386748844,0.084,2316.88283,663.1097122,23,44.44,,,,,,,,,,,,,,,
24510271501,245102715012,0.132,0.386748844,0.084,3590.355235,663.1097122,23,44.44,,,,,,,,,,,,,,,
24510271501,245102715013,0.132,0.386748844,0.084,537.728803,663.1097122,23,44.44,,,,,,,,,,,,,,,
24510271501,245102715014,0.132,0.386748844,0.084,313.1850521,663.1097122,23,44.44,,,,,,,,,,,,,,,
24510271501,245102715015,0.132,0.386748844,0.084,53.29949599,663.1097122,23,44.44,,,,,,,,,,,,,,,
24510271503,245102715031,0.1218,NA,0.082,4649.24273,4649.24273,11,NA,,,,,,,,,,,,,,,
24510271600,245102716001,0.8782,0.981510015,0.134,186.2783426,583,15,66.38,,,,,,,,,,,,,,,
24510271600,245102716002,0.8782,0.981510015,0.134,831.4907061,582.6472357,15,66.38,,,,,,,,,,,,,,,
24510271600,245102716003,0.8782,0.981510015,0.134,844.3796156,582.6472357,15,66.38,,,,,,,,,,,,,,,
24510271600,245102716004,0.8782,0.981510015,0.134,809.503243,582.6472357,15,66.38,,,,,,,,,,,,,,,
24510271600,245102716005,0.8782,0.981510015,0.134,262.7678164,582.6472357,15,66.38,,,,,,,,,,,,,,,
24510271600,245102716006,0.8782,0.981510015,0.134,561.4636902,582.6472357,15,66.38,,,,,,,,,,,,,,,
24510271700,245102717001,0.8629,0.775038521,0.122,1928.110912,737,23,60.12,,,,,,,,,,,,,,,
24510271700,245102717002,0.8629,0.775038521,0.122,1560.735815,737.4160749,23,60.12,,,,,,,,,,,,,,,
24510271700,245102717003,0.8629,0.775038521,0.122,89.77139615,737.4160749,23,60.12,,,,,,,,,,,,,,,
24510271700,245102717004,0.8629,0.775038521,0.122,397.2675015,737.4160749,23,60.12,,,,,,,,,,,,,,,
24510271700,245102717005,0.8629,0.775038521,0.122,183.5181941,737.4160749,23,60.12,,,,,,,,,,,,,,,
24510271700,245102717006,0.8629,0.775038521,0.122,265.0926307,737.4160749,23,60.12,,,,,,,,,,,,,,,
24510271801,245102718011,0.8426,0.865947612,0.13,517.6694737,757,9,41,,,,,,,,,,,,,,,
24510271801,245102718012,0.8426,0.865947612,0.13,567.0686226,756.6111141,9,41,,,,,,,,,,,,,,,
24510271801,245102718013,0.8426,0.865947612,0.13,1185.095246,756.6111141,9,41,,,,,,,,,,,,,,,
24510271802,245102718021,0.8477,0.949152542,0.135,258.6741867,472,12,39.54,,,,,,,,,,,,,,,
24510271802,245102718022,0.8477,0.949152542,0.135,328.0219482,472.1416583,12,39.54,,,,,,,,,,,,,,,
24510271802,245102718023,0.8477,0.949152542,0.135,603.0529524,472.1416583,12,39.54,,,,,,,,,,,,,,,
24510271802,245102718024,0.8477,0.949152542,0.135,698.8175459,472.1416583,12,39.54,,,,,,,,,,,,,,,
24510271900,245102719001,0.3706,0.412942989,0.111,928.5973978,1660,28,18.78,,,,,,,,,,,,,,,
24510271900,245102719002,0.3706,0.412942989,0.111,1344.343674,1659.992501,28,18.78,,,,,,,,,,,,,,,
24510271900,245102719003,0.3706,0.412942989,0.111,1682.871307,1659.992501,28,18.78,,,,,,,,,,,,,,,
24510271900,245102719004,0.3706,0.412942989,0.111,1891.236167,1659.992501,28,18.78,,,,,,,,,,,,,,,
24510271900,245102719005,0.3706,0.412942989,0.111,2452.913958,1659.992501,28,18.78,,,,,,,,,,,,,,,
24510272003,245102720031,0.3401,0.379044684,0.094,140.5770663,89,30,55,,,,,,,,,,,,,,,
24510272003,245102720032,0.3401,0.379044684,0.094,90.14679638,89.26873021,30,55,,,,,,,,,,,,,,,
24510272003,245102720033,0.3401,0.379044684,0.094,52.89300999,89.26873021,30,55,,,,,,,,,,,,,,,
24510272003,245102720034,0.3401,0.379044684,0.094,125.391081,89.26873021,30,55,,,,,,,,,,,,,,,
24510272003,245102720035,0.3401,0.379044684,0.094,37.33569736,89.26873021,30,55,,,,,,,,,,,,,,,
24510272004,245102720041,0.2386,0.976887519,0.09,83.18521767,52,9,70.66,,,,,,,,,,,,,,,
24510272004,245102720042,0.2386,0.976887519,0.09,19.95445363,51.56983565,9,70.66,,,,,,,,,,,,,,,
24510272005,245102720051,0.3299,0.855161787,0.094,255.6871848,138,8,100,,,,,,,,,,,,,,,
24510272005,245102720052,0.3299,0.855161787,0.094,97.1839737,138.0619658,8,100,,,,,,,,,,,,,,,
24510272005,245102720053,0.3299,0.855161787,0.094,61.31473898,138.0619658,8,100,,,,,,,,,,,,,,,
24510272006,245102720061,0.6294,0.990755008,0.108,530.1065169,452,10,71.43,,,,,,,,,,,,,,,
24510272006,245102720062,0.6294,0.990755008,0.108,373.9581556,452.0323363,10,71.43,,,,,,,,,,,,,,,
24510272007,245102720071,0.6041,0.835130971,0.104,874.9630122,800,9,25.38,,,,,,,,,,,,,,,
24510272007,245102720072,0.6041,0.835130971,0.104,962.6815778,799.9465774,9,25.38,,,,,,,,,,,,,,,
24510272007,245102720073,0.6041,0.835130971,0.104,562.1951421,799.9465774,9,25.38,,,,,,,,,,,,,,,
24510280101,245102801011,0.5838,0.933744222,0.124,1098.45428,1226,16,50.49,,,,,,,,,,,,,,,
24510280101,245102801012,0.5838,0.933744222,0.124,894.8949919,1225.554381,16,50.49,,,,,,,,,,,,,,,
24510280101,245102801013,0.5838,0.933744222,0.124,1683.313872,1225.554381,16,50.49,,,,,,,,,,,,,,,
24510280102,245102801021,0.4213,0.610169492,0.121,758.7079112,584,51,22.74,,,,,,,,,,,,,,,
24510280102,245102801022,0.4213,0.610169492,0.121,115.483283,584.3718515,51,22.74,,,,,,,,,,,,,,,
24510280102,245102801023,0.4213,0.610169492,0.121,1116.640734,584.3718515,51,22.74,,,,,,,,,,,,,,,
24510280102,245102801024,0.4213,0.610169492,0.121,834.4602047,584.3718515,51,22.74,,,,,,,,,,,,,,,
24510280102,245102801025,0.4213,0.610169492,0.121,193.6043205,584.3718515,51,22.74,,,,,,,,,,,,,,,
24510280102,245102801026,0.4213,0.610169492,0.121,487.3346556,584.3718515,51,22.74,,,,,,,,,,,,,,,
24510280200,245102802001,0.4416,0.31587057,0.117,697.5418674,520,17,45.67,,,,,,,,,,,,,,,
24510280200,245102802002,0.4416,0.31587057,0.117,66.32749446,519.5372861,17,45.67,,,,,,,,,,,,,,,
24510280200,245102802003,0.4416,0.31587057,0.117,220.0775319,519.5372861,17,45.67,,,,,,,,,,,,,,,
24510280200,245102802004,0.4416,0.31587057,0.117,564.0419194,519.5372861,17,45.67,,,,,,,,,,,,,,,
24510280200,245102802005,0.4416,0.31587057,0.117,478.0120335,519.5372861,17,45.67,,,,,,,,,,,,,,,
24510280200,245102802006,0.4416,0.31587057,0.117,1091.22287,519.5372861,17,45.67,,,,,,,,,,,,,,,
24510280301,245102803011,0.4365,0.693374422,0.122,339.0096541,239.973846,20,55.08,,,,,,,,,,,,,,,
24510280301,245102803012,0.4365,0.693374422,0.122,258.2241681,239.973846,20,55.08,,,,,,,,,,,,,,,
24510280301,245102803013,0.4365,0.693374422,0.122,122.6877157,239.973846,20,55.08,,,,,,,,,,,,,,,
24510280302,245102803021,0.3655,0.813559322,0.124,87.04677819,71.07424052,21,60.12,,,,,,,,,,,,,,,
24510280302,245102803022,0.3655,0.813559322,0.124,55.10170284,71.07424052,21,60.12,,,,,,,,,,,,,,,
24510280401,245102804011,0.2081,0.805855162,0.114,373.5554292,1104.810421,8,100,,,,,,,,,,,,,,,
24510280401,245102804012,0.2081,0.805855162,0.114,1447.811325,1104.810421,8,100,,,,,,,,,,,,,,,
24510280401,245102804013,0.2081,0.805855162,0.114,2110.966914,1104.810421,8,100,,,,,,,,,,,,,,,
24510280401,245102804014,0.2081,0.805855162,0.114,699.023371,1104.810421,8,100,,,,,,,,,,,,,,,
24510280401,245102804015,0.2081,0.805855162,0.114,892.6950642,1104.810421,8,100,,,,,,,,,,,,,,,
24510280402,245102804021,0.3604,0.998459168,0.119,1225.689844,731.2668589,1,73.56,,,,,,,,,,,,,,,
24510280402,245102804022,0.3604,0.998459168,0.119,236.8438738,731.2668589,1,73.56,,,,,,,,,,,,,,,
24510280403,245102804031,0.2132,0.257318952,0.114,642.4342997,649.6002651,20,52.26,,,,,,,,,,,,,,,
24510280403,245102804032,0.2132,0.257318952,0.114,291.5268762,649.6002651,20,52.26,,,,,,,,,,,,,,,
24510280403,245102804033,0.2132,0.257318952,0.114,338.7437797,649.6002651,20,52.26,,,,,,,,,,,,,,,
24510280403,245102804034,0.2132,0.257318952,0.114,964.7940681,649.6002651,20,52.26,,,,,,,,,,,,,,,
24510280403,245102804035,0.2132,0.257318952,0.114,1010.502302,649.6002651,20,52.26,,,,,,,,,,,,,,,
24510280404,245102804041,0.8325,0.445300462,0.124,300.3195608,1527.100404,10,52.66,,,,,,,,,,,,,,,
24510280404,245102804042,0.8325,0.445300462,0.124,2753.881248,1527.100404,10,52.66,,,,,,,,,,,,,,,
24510280500,245102805001,0.9797,0.231124807,0.136,2374.699696,3385.685542,25,65.99,,,,,,,,,,,,,,,
24510280500,245102805002,0.9797,0.231124807,0.136,5877.882288,3385.685542,25,65.99,,,,,,,,,,,,,,,
24510280500,245102805003,0.9797,0.231124807,0.136,3426.370526,3385.685542,25,65.99,,,,,,,,,,,,,,,
24510280500,245102805004,0.9797,0.231124807,0.136,1863.789658,3385.685542,25,65.99,,,,,,,,,,,,,,,
